name,datetime,tempmax,tempmin,temp,humidity,precip,preciptype,windgust,windspeed,winddir,sealevelpressure,cloudcover,uvindex,sunrise,sunset,conditions,icon
choondcherry,2018-01-01 00:00:00,32.1,21.9,26.6,70.3,0.004,rain,11.9,9.2,270.5,1009.9,40.9,8,2018-01-01 06:39:34,2018-01-01 18:13:34,"Rain, Partially cloudy",rain
choondcherry,2018-01-02 00:00:00,31.9,21.9,26.7,69.2,0.0,,12.5,11.4,261.1,1009.5,37.2,8,2018-01-02 06:39:58,2018-01-02 18:14:06,Partially cloudy,partly-cloudy-day
choondcherry,2018-01-03 00:00:00,32.4,21.9,26.9,74.2,0.0,,14.1,11.7,259.9,1010.7,31.3,7,2018-01-03 06:40:22,2018-01-03 18:14:38,Partially cloudy,partly-cloudy-day
choondcherry,2018-01-04 00:00:00,32.9,21.9,26.8,71.8,0.008,rain,16.1,10.3,280.9,1011.2,24.0,8,2018-01-04 06:40:44,2018-01-04 18:15:10,"Rain, Partially cloudy",rain
choondcherry,2018-01-05 00:00:00,31.9,22.9,26.8,72.7,0.036,rain,17.4,11.4,240.5,1010.6,31.8,8,2018-01-05 06:41:06,2018-01-05 18:15:43,"Rain, Partially cloudy",rain
choondcherry,2018-01-06 00:00:00,31.9,21.9,26.4,70.9,0.103,rain,18.1,10.9,269.2,1010.3,34.1,8,2018-01-06 06:41:28,2018-01-06 18:16:15,"Rain, Partially cloudy",rain
choondcherry,2018-01-07 00:00:00,31.4,21.2,26.2,70.6,0.008,rain,15.2,20.5,289.8,1010.8,39.3,7,2018-01-07 06:41:48,2018-01-07 18:16:47,"Rain, Partially cloudy",rain
choondcherry,2018-01-08 00:00:00,31.9,21.9,26.3,68.7,0.012,rain,16.3,9.3,320.3,1011.1,25.1,8,2018-01-08 06:42:08,2018-01-08 18:17:18,"Rain, Partially cloudy",rain
choondcherry,2018-01-09 00:00:00,31.9,19.9,26.3,67.0,0.0,,20.6,9.2,214.2,1012.3,28.2,9,2018-01-09 06:42:26,2018-01-09 18:17:50,Partially cloudy,partly-cloudy-day
choondcherry,2018-01-10 00:00:00,32.9,23.8,27.7,68.0,0.032,rain,14.1,9.2,64.3,1012.4,42.3,8,2018-01-10 06:42:44,2018-01-10 18:18:21,"Rain, Partially cloudy",rain
choondcherry,2018-01-11 00:00:00,32.9,22.9,27.9,67.6,0.0,,9.6,10.0,38.9,1012.9,40.9,8,2018-01-11 06:43:01,2018-01-11 18:18:53,Partially cloudy,partly-cloudy-day
choondcherry,2018-01-12 00:00:00,33.9,23.9,28.2,68.8,0.016,rain,14.3,8.1,259.1,1012.4,39.9,8,2018-01-12 06:43:17,2018-01-12 18:19:24,"Rain, Partially cloudy",rain
choondcherry,2018-01-13 00:00:00,33.9,23.9,28.0,69.5,0.024,rain,15.4,5.9,137.7,1011.8,49.2,8,2018-01-13 06:43:33,2018-01-13 18:19:54,"Rain, Partially cloudy",rain
choondcherry,2018-01-14 00:00:00,33.9,21.9,27.7,59.0,0.0,,10.1,11.7,99.0,1011.7,27.2,9,2018-01-14 06:43:47,2018-01-14 18:20:24,Partially cloudy,partly-cloudy-day
choondcherry,2018-01-15 00:00:00,33.0,19.9,26.4,63.2,0.0,,10.5,11.4,185.6,1011.9,4.9,9,2018-01-15 06:44:00,2018-01-15 18:20:54,Clear,clear-day
choondcherry,2018-01-16 00:00:00,31.9,21.2,26.5,70.1,0.0,,18.1,11.1,229.7,1011.1,34.1,9,2018-01-16 06:44:13,2018-01-16 18:21:24,Partially cloudy,partly-cloudy-day
choondcherry,2018-01-17 00:00:00,31.9,22.9,27.1,74.8,0.016,rain,16.1,12.7,245.1,1011.6,48.0,7,2018-01-17 06:44:24,2018-01-17 18:21:53,"Rain, Partially cloudy",rain
choondcherry,2018-01-18 00:00:00,32.9,21.9,27.0,70.2,0.008,rain,20.4,10.3,231.0,1010.7,39.0,9,2018-01-18 06:44:35,2018-01-18 18:22:22,"Rain, Partially cloudy",rain
choondcherry,2018-01-19 00:00:00,32.9,21.7,26.7,62.2,0.036,rain,15.2,11.4,63.5,1011.3,54.7,9,2018-01-19 06:44:44,2018-01-19 18:22:50,"Rain, Partially cloudy",rain
choondcherry,2018-01-20 00:00:00,32.3,20.9,26.2,67.6,0.008,rain,17.2,11.8,241.7,1011.5,36.0,9,2018-01-20 06:44:53,2018-01-20 18:23:18,"Rain, Partially cloudy",rain
choondcherry,2018-01-21 00:00:00,32.9,20.9,26.2,71.1,0.024,rain,17.0,11.4,269.5,1010.6,26.1,8,2018-01-21 06:45:00,2018-01-21 18:23:45,"Rain, Partially cloudy",rain
choondcherry,2018-01-22 00:00:00,32.4,21.9,26.4,72.9,0.024,rain,17.7,11.4,236.7,1010.1,36.5,7,2018-01-22 06:45:06,2018-01-22 18:24:12,"Rain, Partially cloudy",rain
choondcherry,2018-01-23 00:00:00,31.9,22.9,26.9,71.1,0.056,rain,14.5,9.3,262.2,1010.2,50.2,8,2018-01-23 06:45:12,2018-01-23 18:24:39,"Rain, Partially cloudy",rain
choondcherry,2018-01-24 00:00:00,32.0,22.9,27.2,72.2,0.0,,14.3,13.4,275.0,1009.6,41.7,7,2018-01-24 06:45:16,2018-01-24 18:25:04,Partially cloudy,partly-cloudy-day
choondcherry,2018-01-25 00:00:00,32.9,22.9,27.2,70.5,0.024,rain,13.6,16.1,273.2,1008.9,31.1,7,2018-01-25 06:45:20,2018-01-25 18:25:30,"Rain, Partially cloudy",rain
choondcherry,2018-01-26 00:00:00,32.1,21.9,26.8,72.0,0.036,rain,21.0,12.8,205.2,1009.5,47.1,8,2018-01-26 06:45:22,2018-01-26 18:25:54,"Rain, Partially cloudy",rain
choondcherry,2018-01-27 00:00:00,33.9,23.9,27.4,70.7,0.0,,17.0,10.3,216.2,1010.1,32.9,8,2018-01-27 06:45:23,2018-01-27 18:26:18,Partially cloudy,partly-cloudy-day
choondcherry,2018-01-28 00:00:00,30.0,23.8,26.6,78.0,0.118,rain,13.0,12.1,226.8,1010.6,51.6,7,2018-01-28 06:45:24,2018-01-28 18:26:42,"Rain, Partially cloudy",rain
choondcherry,2018-01-29 00:00:00,32.9,22.9,27.0,72.9,0.044,rain,13.6,10.3,256.3,1011.1,58.8,8,2018-01-29 06:45:23,2018-01-29 18:27:05,"Rain, Partially cloudy",rain
choondcherry,2018-01-30 00:00:00,31.9,21.9,27.1,69.5,0.016,rain,14.5,11.8,297.7,1011.4,52.3,9,2018-01-30 06:45:21,2018-01-30 18:27:27,"Rain, Partially cloudy",rain
choondcherry,2018-01-31 00:00:00,33.9,20.9,27.2,66.3,0.0,,19.2,9.2,302.7,1011.5,45.4,9,2018-01-31 06:45:18,2018-01-31 18:27:49,Partially cloudy,partly-cloudy-day
choondcherry,2018-02-01 00:00:00,33.9,20.9,27.0,62.4,0.0,,17.4,9.2,224.7,1011.6,27.5,9,2018-02-01 06:45:15,2018-02-01 18:28:10,Partially cloudy,partly-cloudy-day
choondcherry,2018-02-02 00:00:00,32.9,19.9,26.7,63.4,0.0,,16.3,11.4,210.1,1011.0,10.2,9,2018-02-02 06:45:10,2018-02-02 18:28:30,Clear,clear-day
choondcherry,2018-02-03 00:00:00,33.9,19.9,26.3,61.1,0.0,,13.6,10.3,111.4,1010.8,12.0,10,2018-02-03 06:45:04,2018-02-03 18:28:50,Clear,clear-day
choondcherry,2018-02-04 00:00:00,33.9,19.9,26.7,62.4,0.0,,18.1,10.3,270.6,1011.3,44.0,10,2018-02-04 06:44:57,2018-02-04 18:29:09,Partially cloudy,partly-cloudy-day
choondcherry,2018-02-05 00:00:00,33.9,20.9,27.3,65.6,0.008,rain,16.8,11.4,248.2,1012.1,24.2,9,2018-02-05 06:44:49,2018-02-05 18:29:27,"Rain, Partially cloudy",rain
choondcherry,2018-02-06 00:00:00,34.9,22.9,28.1,67.8,0.063,rain,13.0,12.8,234.4,1012.6,32.9,9,2018-02-06 06:44:41,2018-02-06 18:29:45,"Rain, Partially cloudy",rain
choondcherry,2018-02-07 00:00:00,32.9,24.9,28.2,69.1,0.567,rain,12.5,13.9,288.7,1012.7,63.6,7,2018-02-07 06:44:31,2018-02-07 18:30:02,"Rain, Partially cloudy",rain
choondcherry,2018-02-08 00:00:00,32.9,23.4,27.3,75.2,0.245,rain,14.5,10.3,214.1,1011.9,61.1,8,2018-02-08 06:44:20,2018-02-08 18:30:19,"Rain, Partially cloudy",rain
choondcherry,2018-02-09 00:00:00,32.9,23.7,27.0,79.2,0.039,rain,14.3,11.6,245.9,1011.2,54.5,9,2018-02-09 06:44:09,2018-02-09 18:30:35,"Rain, Partially cloudy",rain
choondcherry,2018-02-10 00:00:00,34.9,22.9,28.0,74.7,0.118,rain,16.8,8.1,244.7,1011.7,37.9,9,2018-02-10 06:43:56,2018-02-10 18:30:50,"Rain, Partially cloudy",rain
choondcherry,2018-02-11 00:00:00,33.9,23.9,28.6,74.3,0.048,rain,16.8,11.4,228.5,1012.4,40.3,9,2018-02-11 06:43:42,2018-02-11 18:31:04,"Rain, Partially cloudy",rain
choondcherry,2018-02-12 00:00:00,32.9,24.8,28.6,73.4,0.276,rain,16.8,8.1,230.8,1014.0,55.6,8,2018-02-12 06:43:28,2018-02-12 18:31:18,"Rain, Partially cloudy",rain
choondcherry,2018-02-13 00:00:00,33.9,24.9,28.7,72.1,0.128,rain,15.7,11.4,266.3,1014.9,42.6,8,2018-02-13 06:43:13,2018-02-13 18:31:31,"Rain, Partially cloudy",rain
choondcherry,2018-02-14 00:00:00,33.9,22.6,27.9,70.0,0.0,,10.3,9.2,180.6,1014.6,41.0,9,2018-02-14 06:42:57,2018-02-14 18:31:44,Partially cloudy,partly-cloudy-day
choondcherry,2018-02-15 00:00:00,33.9,22.9,28.1,66.9,0.0,,10.5,13.9,197.4,1014.5,19.5,9,2018-02-15 06:42:40,2018-02-15 18:31:56,Clear,clear-day
choondcherry,2018-02-16 00:00:00,34.9,22.9,28.2,67.3,0.0,,12.1,10.3,210.1,1014.2,19.6,9,2018-02-16 06:42:22,2018-02-16 18:32:07,Clear,clear-day
choondcherry,2018-02-17 00:00:00,33.9,22.9,28.2,68.2,0.032,rain,16.1,11.4,209.5,1011.9,44.5,9,2018-02-17 06:42:03,2018-02-17 18:32:18,"Rain, Partially cloudy",rain
choondcherry,2018-02-18 00:00:00,32.9,22.7,28.1,70.9,0.004,rain,17.2,12.8,233.0,1010.5,25.2,9,2018-02-18 06:41:43,2018-02-18 18:32:28,"Rain, Partially cloudy",rain
choondcherry,2018-02-19 00:00:00,34.9,23.9,28.2,67.1,0.0,,17.4,11.4,216.1,1010.4,18.5,9,2018-02-19 06:41:23,2018-02-19 18:32:38,Clear,clear-day
choondcherry,2018-02-20 00:00:00,33.9,21.9,27.9,66.9,0.0,,19.0,12.8,207.2,1010.4,31.8,10,2018-02-20 06:41:02,2018-02-20 18:32:47,Partially cloudy,partly-cloudy-day
choondcherry,2018-02-21 00:00:00,31.0,21.7,26.6,77.5,0.008,rain,16.3,10.3,220.5,1009.4,32.5,9,2018-02-21 06:40:40,2018-02-21 18:32:55,"Rain, Partially cloudy",rain
choondcherry,2018-02-22 00:00:00,31.7,22.4,26.9,76.3,0.0,,16.3,12.8,236.6,1009.4,24.7,9,2018-02-22 06:40:18,2018-02-22 18:33:03,Partially cloudy,partly-cloudy-day
choondcherry,2018-02-23 00:00:00,33.9,23.9,28.2,68.1,0.0,,17.4,11.4,216.7,1009.4,15.9,10,2018-02-23 06:39:54,2018-02-23 18:33:10,Clear,clear-day
choondcherry,2018-02-24 00:00:00,34.9,23.9,28.4,69.0,0.0,,9.6,10.3,136.6,1010.6,20.3,10,2018-02-24 06:39:30,2018-02-24 18:33:17,Partially cloudy,partly-cloudy-day
choondcherry,2018-02-25 00:00:00,34.9,22.9,28.7,66.3,0.0,,12.8,9.2,244.9,1010.6,21.9,10,2018-02-25 06:39:06,2018-02-25 18:33:23,Partially cloudy,partly-cloudy-day
choondcherry,2018-02-26 00:00:00,34.9,22.9,28.8,67.3,0.0,,17.7,13.9,250.1,1010.6,33.0,9,2018-02-26 06:38:40,2018-02-26 18:33:29,Partially cloudy,partly-cloudy-day
choondcherry,2018-02-27 00:00:00,35.9,23.9,29.1,67.8,0.0,,12.3,11.4,194.3,1009.4,50.0,10,2018-02-27 06:38:14,2018-02-27 18:33:34,Partially cloudy,partly-cloudy-day
choondcherry,2018-02-28 00:00:00,34.9,24.9,29.3,68.8,0.012,rain,14.5,11.4,251.2,1009.7,40.9,9,2018-02-28 06:37:48,2018-02-28 18:33:39,"Rain, Partially cloudy",rain
choondcherry,2018-03-01 00:00:00,34.9,23.9,28.7,69.4,0.0,,12.1,13.9,273.2,1009.4,45.6,9,2018-03-01 06:37:21,2018-03-01 18:33:43,Partially cloudy,partly-cloudy-day
choondcherry,2018-03-02 00:00:00,33.9,24.9,29.1,71.8,0.008,rain,15.2,13.9,240.7,1009.2,28.4,9,2018-03-02 06:36:53,2018-03-02 18:33:47,"Rain, Partially cloudy",rain
choondcherry,2018-03-03 00:00:00,33.9,24.9,28.8,71.8,0.0,,23.0,12.8,257.6,1009.5,20.8,10,2018-03-03 06:36:25,2018-03-03 18:33:50,Partially cloudy,partly-cloudy-day
choondcherry,2018-03-04 00:00:00,33.9,23.9,28.7,73.0,0.0,,20.8,11.4,247.0,1009.2,29.7,10,2018-03-04 06:35:56,2018-03-04 18:33:53,Partially cloudy,partly-cloudy-day
choondcherry,2018-03-05 00:00:00,33.9,23.9,28.8,71.3,0.004,rain,22.4,11.7,269.9,1010.2,29.4,9,2018-03-05 06:35:27,2018-03-05 18:33:56,"Rain, Partially cloudy",rain
choondcherry,2018-03-06 00:00:00,33.9,23.9,29.2,69.8,0.0,,23.9,11.4,241.3,1010.2,35.4,10,2018-03-06 06:34:57,2018-03-06 18:33:58,Partially cloudy,partly-cloudy-day
choondcherry,2018-03-07 00:00:00,33.1,24.9,29.0,70.6,0.012,rain,22.4,10.9,236.4,1010.2,28.7,10,2018-03-07 06:34:27,2018-03-07 18:34:00,"Rain, Partially cloudy",rain
choondcherry,2018-03-08 00:00:00,35.9,23.9,29.3,66.7,0.095,rain,20.8,10.3,191.5,1010.0,40.0,10,2018-03-08 06:33:56,2018-03-08 18:34:01,"Rain, Partially cloudy",rain
choondcherry,2018-03-09 00:00:00,34.9,24.9,29.5,73.0,0.008,rain,17.4,13.9,265.4,1009.7,34.4,10,2018-03-09 06:33:25,2018-03-09 18:34:02,"Rain, Partially cloudy",rain
choondcherry,2018-03-10 00:00:00,34.9,23.9,29.2,69.4,0.024,rain,11.9,9.2,294.5,1009.5,52.1,9,2018-03-10 06:32:54,2018-03-10 18:34:03,"Rain, Partially cloudy",rain
choondcherry,2018-03-11 00:00:00,34.9,22.9,28.4,67.6,0.0,,11.2,11.4,216.1,1009.6,50.1,10,2018-03-11 06:32:22,2018-03-11 18:34:04,Partially cloudy,partly-cloudy-day
choondcherry,2018-03-12 00:00:00,34.9,23.9,29.4,66.0,0.0,,19.5,9.2,229.8,1009.8,60.1,9,2018-03-12 06:31:50,2018-03-12 18:34:04,Partially cloudy,partly-cloudy-day
choondcherry,2018-03-13 00:00:00,32.9,25.9,28.8,72.8,0.118,rain,21.5,8.8,55.0,1009.8,79.8,4,2018-03-13 06:31:18,2018-03-13 18:34:04,"Rain, Partially cloudy",rain
choondcherry,2018-03-14 00:00:00,31.9,25.1,28.1,75.8,0.166,rain,26.2,6.9,163.5,1009.9,77.3,7,2018-03-14 06:30:45,2018-03-14 18:34:04,"Rain, Partially cloudy",rain
choondcherry,2018-03-15 00:00:00,33.9,24.9,28.2,75.9,0.13,rain,18.8,13.9,173.6,1010.3,65.7,7,2018-03-15 06:30:12,2018-03-15 18:34:03,"Rain, Partially cloudy",rain
choondcherry,2018-03-16 00:00:00,32.9,24.9,28.4,78.2,0.035,rain,15.0,11.4,203.6,1009.5,54.1,9,2018-03-16 06:29:39,2018-03-16 18:34:02,"Rain, Partially cloudy",rain
choondcherry,2018-03-17 00:00:00,34.9,25.9,29.2,72.8,0.035,rain,13.4,14.5,262.6,1009.4,51.7,8,2018-03-17 06:29:05,2018-03-17 18:34:01,"Rain, Partially cloudy",rain
choondcherry,2018-03-18 00:00:00,33.9,23.9,27.6,78.6,1.22,rain,17.4,13.9,201.2,1010.2,67.7,8,2018-03-18 06:28:32,2018-03-18 18:34:00,"Rain, Partially cloudy",rain
choondcherry,2018-03-19 00:00:00,33.9,23.9,28.4,77.3,0.475,rain,17.9,11.4,267.8,1011.6,61.3,8,2018-03-19 06:27:58,2018-03-19 18:33:59,"Rain, Partially cloudy",rain
choondcherry,2018-03-20 00:00:00,33.9,24.9,29.0,75.5,0.008,rain,22.8,12.8,253.2,1011.1,35.7,9,2018-03-20 06:27:24,2018-03-20 18:33:58,"Rain, Partially cloudy",rain
choondcherry,2018-03-21 00:00:00,32.9,25.6,29.4,75.3,0.036,rain,17.2,12.2,261.1,1011.4,34.8,10,2018-03-21 06:26:50,2018-03-21 18:33:56,"Rain, Partially cloudy",rain
choondcherry,2018-03-22 00:00:00,32.9,24.9,28.3,78.0,0.311,rain,16.8,13.9,284.2,1009.9,58.9,9,2018-03-22 06:26:16,2018-03-22 18:33:54,"Rain, Partially cloudy",rain
choondcherry,2018-03-23 00:00:00,32.9,24.9,28.4,77.2,0.02,rain,16.1,13.9,282.9,1009.3,62.7,9,2018-03-23 06:25:42,2018-03-23 18:33:53,"Rain, Partially cloudy",rain
choondcherry,2018-03-24 00:00:00,33.9,24.9,29.3,74.1,0.0,,15.0,13.9,280.2,1009.4,53.5,10,2018-03-24 06:25:07,2018-03-24 18:33:51,Partially cloudy,partly-cloudy-day
choondcherry,2018-03-25 00:00:00,34.9,25.9,29.4,76.2,0.02,rain,16.3,12.8,232.3,1010.8,39.2,9,2018-03-25 06:24:33,2018-03-25 18:33:49,"Rain, Partially cloudy",rain
choondcherry,2018-03-26 00:00:00,32.9,25.9,29.3,74.8,0.004,rain,20.1,12.8,267.1,1011.6,52.9,9,2018-03-26 06:23:59,2018-03-26 18:33:47,"Rain, Partially cloudy",rain
choondcherry,2018-03-27 00:00:00,34.9,25.9,30.1,73.2,0.398,rain,14.5,12.9,255.6,1011.2,50.5,9,2018-03-27 06:23:24,2018-03-27 18:33:45,"Rain, Partially cloudy",rain
choondcherry,2018-03-28 00:00:00,33.9,26.8,29.7,75.0,0.095,rain,15.9,12.8,264.9,1011.1,50.3,9,2018-03-28 06:22:50,2018-03-28 18:33:43,"Rain, Partially cloudy",rain
choondcherry,2018-03-29 00:00:00,32.9,26.5,29.9,74.5,0.157,rain,15.4,15.0,271.9,1010.6,57.0,9,2018-03-29 06:22:16,2018-03-29 18:33:41,"Rain, Partially cloudy",rain
choondcherry,2018-03-30 00:00:00,33.9,25.9,29.5,74.7,0.151,rain,18.8,13.9,277.7,1010.5,47.5,8,2018-03-30 06:21:42,2018-03-30 18:33:40,"Rain, Partially cloudy",rain
choondcherry,2018-03-31 00:00:00,32.9,25.9,28.9,74.8,0.016,rain,17.0,12.8,271.5,1009.7,49.9,9,2018-03-31 06:21:08,2018-03-31 18:33:38,"Rain, Partially cloudy",rain
choondcherry,2018-04-01 00:00:00,33.9,24.9,28.0,78.1,0.15,rain,21.3,12.8,242.9,1008.7,41.6,10,2018-04-01 06:20:34,2018-04-01 18:33:36,"Rain, Partially cloudy",rain
choondcherry,2018-04-02 00:00:00,33.9,23.9,28.7,73.6,0.076,rain,16.1,11.4,224.8,1010.0,36.9,9,2018-04-02 06:20:00,2018-04-02 18:33:34,"Rain, Partially cloudy",rain
choondcherry,2018-04-03 00:00:00,33.9,24.9,28.9,73.5,0.267,rain,15.7,11.4,258.1,1009.8,42.5,9,2018-04-03 06:19:26,2018-04-03 18:33:33,"Rain, Partially cloudy",rain
choondcherry,2018-04-04 00:00:00,34.9,24.9,29.4,73.1,0.123,rain,15.4,15.0,265.9,1008.2,45.4,10,2018-04-04 06:18:53,2018-04-04 18:33:31,"Rain, Partially cloudy",rain
choondcherry,2018-04-05 00:00:00,33.9,25.4,30.1,74.1,0.068,rain,19.9,15.1,262.8,1007.5,42.4,8,2018-04-05 06:18:20,2018-04-05 18:33:30,"Rain, Partially cloudy",rain
choondcherry,2018-04-06 00:00:00,33.9,26.9,29.9,75.0,0.04,rain,18.8,11.4,261.6,1008.2,65.1,9,2018-04-06 06:17:47,2018-04-06 18:33:29,"Rain, Partially cloudy",rain
choondcherry,2018-04-07 00:00:00,34.9,24.9,29.6,76.2,0.031,rain,17.4,13.4,248.4,1009.0,53.4,9,2018-04-07 06:17:14,2018-04-07 18:33:28,"Rain, Partially cloudy",rain
choondcherry,2018-04-08 00:00:00,34.9,24.9,28.6,75.6,0.028,rain,15.7,12.8,260.3,1009.4,43.1,9,2018-04-08 06:16:41,2018-04-08 18:33:27,"Rain, Partially cloudy",rain
choondcherry,2018-04-09 00:00:00,34.9,24.9,29.3,72.8,0.225,rain,16.3,13.3,259.0,1009.7,40.0,9,2018-04-09 06:16:09,2018-04-09 18:33:26,"Rain, Partially cloudy",rain
choondcherry,2018-04-10 00:00:00,34.9,25.6,29.7,75.0,0.008,rain,15.4,12.8,240.7,1008.7,46.4,8,2018-04-10 06:15:37,2018-04-10 18:33:26,"Rain, Partially cloudy",rain
choondcherry,2018-04-11 00:00:00,32.9,23.9,27.6,82.2,0.15,rain,15.9,16.1,268.9,1009.2,72.0,9,2018-04-11 06:15:06,2018-04-11 18:33:26,"Rain, Partially cloudy",rain
choondcherry,2018-04-12 00:00:00,33.9,25.9,29.0,75.9,0.793,rain,16.3,12.1,230.9,1008.7,69.8,9,2018-04-12 06:14:34,2018-04-12 18:33:26,"Rain, Partially cloudy",rain
choondcherry,2018-04-13 00:00:00,33.0,23.9,28.1,79.6,2.559,rain,15.2,12.8,255.4,1009.4,76.9,7,2018-04-13 06:14:03,2018-04-13 18:33:26,"Rain, Partially cloudy",rain
choondcherry,2018-04-14 00:00:00,32.9,24.9,27.7,83.4,0.374,rain,17.2,11.4,257.0,1009.2,70.1,9,2018-04-14 06:13:33,2018-04-14 18:33:26,"Rain, Partially cloudy",rain
choondcherry,2018-04-15 00:00:00,32.9,24.9,27.7,83.2,0.415,rain,18.3,16.1,292.5,1009.6,66.8,7,2018-04-15 06:13:03,2018-04-15 18:33:27,"Rain, Partially cloudy",rain
choondcherry,2018-04-16 00:00:00,33.9,24.2,28.1,82.8,0.433,rain,20.8,13.9,282.8,1010.0,64.4,9,2018-04-16 06:12:33,2018-04-16 18:33:28,"Rain, Partially cloudy",rain
choondcherry,2018-04-17 00:00:00,32.9,24.9,28.1,83.9,0.127,rain,15.7,11.4,291.8,1010.9,76.5,9,2018-04-17 06:12:04,2018-04-17 18:33:29,"Rain, Partially cloudy",rain
choondcherry,2018-04-18 00:00:00,33.0,25.9,28.8,82.2,0.008,rain,17.2,12.1,269.2,1010.9,75.8,8,2018-04-18 06:11:35,2018-04-18 18:33:31,"Rain, Partially cloudy",rain
choondcherry,2018-04-19 00:00:00,32.9,25.9,29.4,80.1,0.174,rain,16.8,11.1,248.2,1009.7,67.0,8,2018-04-19 06:11:07,2018-04-19 18:33:33,"Rain, Partially cloudy",rain
choondcherry,2018-04-20 00:00:00,32.9,25.9,29.3,79.4,0.221,rain,14.8,12.8,270.8,1009.4,51.7,7,2018-04-20 06:10:39,2018-04-20 18:33:35,"Rain, Partially cloudy",rain
choondcherry,2018-04-21 00:00:00,34.9,25.9,29.1,78.2,1.102,rain,16.1,11.4,247.6,1008.8,61.6,8,2018-04-21 06:10:12,2018-04-21 18:33:38,"Rain, Partially cloudy",rain
choondcherry,2018-04-22 00:00:00,32.9,25.9,28.8,80.7,0.071,rain,14.3,10.4,162.8,1009.8,67.7,8,2018-04-22 06:09:45,2018-04-22 18:33:41,"Rain, Partially cloudy",rain
choondcherry,2018-04-23 00:00:00,33.9,24.9,29.6,77.9,0.236,rain,20.1,15.0,259.8,1009.4,51.9,9,2018-04-23 06:09:19,2018-04-23 18:33:44,"Rain, Partially cloudy",rain
choondcherry,2018-04-24 00:00:00,32.9,23.9,28.3,81.3,0.551,rain,18.3,13.9,263.7,1009.7,73.4,9,2018-04-24 06:08:54,2018-04-24 18:33:47,"Rain, Partially cloudy",rain
choondcherry,2018-04-25 00:00:00,32.9,24.9,28.6,78.7,0.233,rain,17.7,15.0,263.8,1009.0,81.0,8,2018-04-25 06:08:29,2018-04-25 18:33:51,"Rain, Partially cloudy",rain
choondcherry,2018-04-26 00:00:00,32.9,24.9,28.6,78.2,0.039,rain,14.5,16.1,250.9,1007.9,59.5,9,2018-04-26 06:08:04,2018-04-26 18:33:56,"Rain, Partially cloudy",rain
choondcherry,2018-04-27 00:00:00,34.9,24.9,28.3,81.1,0.213,rain,14.1,13.9,285.4,1008.5,64.1,8,2018-04-27 06:07:40,2018-04-27 18:34:00,"Rain, Partially cloudy",rain
choondcherry,2018-04-28 00:00:00,33.9,25.9,29.4,80.9,0.107,rain,17.7,12.8,271.6,1009.6,66.1,9,2018-04-28 06:07:17,2018-04-28 18:34:05,"Rain, Partially cloudy",rain
choondcherry,2018-04-29 00:00:00,33.9,26.9,30.2,78.5,0.075,rain,15.7,13.9,276.4,1009.5,59.8,9,2018-04-29 06:06:54,2018-04-29 18:34:11,"Rain, Partially cloudy",rain
choondcherry,2018-04-30 00:00:00,32.9,25.9,29.6,77.7,0.056,rain,18.1,16.1,280.4,1008.7,66.5,9,2018-04-30 06:06:33,2018-04-30 18:34:17,"Rain, Partially cloudy",rain
choondcherry,2018-05-01 00:00:00,33.9,24.9,29.1,75.6,0.169,rain,13.2,6.9,301.7,1009.5,69.6,7,2018-05-01 06:06:11,2018-05-01 18:34:23,"Rain, Partially cloudy",rain
choondcherry,2018-05-02 00:00:00,32.9,25.9,29.6,75.8,0.016,rain,14.5,12.8,278.4,1009.4,62.2,8,2018-05-02 06:05:51,2018-05-02 18:34:30,"Rain, Partially cloudy",rain
choondcherry,2018-05-03 00:00:00,33.9,24.6,29.3,77.7,1.102,rain,14.3,13.9,287.4,1008.8,63.1,7,2018-05-03 06:05:31,2018-05-03 18:34:37,"Rain, Partially cloudy",rain
choondcherry,2018-05-04 00:00:00,32.9,23.9,28.1,79.5,0.315,rain,16.1,13.9,263.4,1008.5,82.2,9,2018-05-04 06:05:12,2018-05-04 18:34:44,"Rain, Partially cloudy",rain
choondcherry,2018-05-05 00:00:00,32.9,22.9,27.6,81.7,0.394,rain,14.5,23.0,163.3,1010.4,74.6,8,2018-05-05 06:04:53,2018-05-05 18:34:52,"Rain, Partially cloudy",rain
choondcherry,2018-05-06 00:00:00,32.9,23.9,27.5,82.2,0.126,rain,11.4,9.2,130.8,1010.9,76.7,7,2018-05-06 06:04:35,2018-05-06 18:35:00,"Rain, Partially cloudy",rain
choondcherry,2018-05-07 00:00:00,32.9,24.9,28.7,77.6,0.031,rain,13.6,10.4,239.2,1010.2,58.3,8,2018-05-07 06:04:18,2018-05-07 18:35:09,"Rain, Partially cloudy",rain
choondcherry,2018-05-08 00:00:00,31.9,24.9,27.7,80.3,0.265,rain,14.3,12.8,270.2,1009.2,62.1,8,2018-05-08 06:04:02,2018-05-08 18:35:18,"Rain, Partially cloudy",rain
choondcherry,2018-05-09 00:00:00,32.9,24.7,28.0,79.9,0.087,rain,13.0,10.3,127.9,1008.9,84.3,5,2018-05-09 06:03:46,2018-05-09 18:35:27,"Rain, Partially cloudy",rain
choondcherry,2018-05-10 00:00:00,33.0,23.9,27.1,84.4,0.315,rain,15.0,11.2,136.6,1010.5,79.0,8,2018-05-10 06:03:32,2018-05-10 18:35:37,"Rain, Partially cloudy",rain
choondcherry,2018-05-11 00:00:00,33.9,23.4,27.9,81.8,0.079,rain,13.0,13.9,149.1,1009.8,68.7,8,2018-05-11 06:03:18,2018-05-11 18:35:47,"Rain, Partially cloudy",rain
choondcherry,2018-05-12 00:00:00,32.9,23.9,27.4,84.5,1.063,rain,15.4,17.2,264.8,1009.7,87.8,8,2018-05-12 06:03:04,2018-05-12 18:35:57,"Rain, Partially cloudy",rain
choondcherry,2018-05-13 00:00:00,31.9,23.9,27.3,84.4,0.079,rain,25.3,13.9,232.3,1009.2,89.2,6,2018-05-13 06:02:52,2018-05-13 18:36:08,"Rain, Partially cloudy",rain
choondcherry,2018-05-14 00:00:00,31.3,23.9,27.4,83.1,0.099,rain,13.4,8.6,291.7,1009.4,79.3,8,2018-05-14 06:02:40,2018-05-14 18:36:19,"Rain, Partially cloudy",rain
choondcherry,2018-05-15 00:00:00,33.9,24.9,29.0,79.2,0.505,rain,18.3,11.4,283.3,1007.8,66.3,8,2018-05-15 06:02:29,2018-05-15 18:36:31,"Rain, Partially cloudy",rain
choondcherry,2018-05-16 00:00:00,31.9,24.9,27.2,83.2,0.157,rain,17.2,13.9,283.4,1007.8,80.1,8,2018-05-16 06:02:19,2018-05-16 18:36:43,"Rain, Partially cloudy",rain
choondcherry,2018-05-17 00:00:00,32.9,23.9,27.2,82.2,0.512,rain,13.9,11.4,159.1,1007.9,63.2,8,2018-05-17 06:02:10,2018-05-17 18:36:55,"Rain, Partially cloudy",rain
choondcherry,2018-05-18 00:00:00,30.9,24.9,27.7,84.7,0.417,rain,12.5,9.2,148.2,1008.5,75.6,8,2018-05-18 06:02:01,2018-05-18 18:37:08,"Rain, Partially cloudy",rain
choondcherry,2018-05-19 00:00:00,31.9,24.1,28.9,80.6,0.236,rain,14.3,11.4,246.7,1007.7,79.3,8,2018-05-19 06:01:53,2018-05-19 18:37:21,"Rain, Partially cloudy",rain
choondcherry,2018-05-20 00:00:00,32.9,25.9,28.6,80.7,0.016,rain,17.0,13.9,252.5,1008.1,68.4,9,2018-05-20 06:01:46,2018-05-20 18:37:34,"Rain, Partially cloudy",rain
choondcherry,2018-05-21 00:00:00,31.9,23.8,28.3,79.7,0.122,rain,15.4,10.3,264.8,1008.3,55.6,8,2018-05-21 06:01:40,2018-05-21 18:37:47,"Rain, Partially cloudy",rain
choondcherry,2018-05-22 00:00:00,32.9,25.9,28.8,79.4,0.197,rain,13.4,10.3,281.8,1007.7,65.4,7,2018-05-22 06:01:34,2018-05-22 18:38:01,"Rain, Partially cloudy",rain
choondcherry,2018-05-23 00:00:00,32.9,25.9,28.6,80.4,0.205,rain,13.4,16.1,280.8,1007.7,75.7,4,2018-05-23 06:01:30,2018-05-23 18:38:15,"Rain, Partially cloudy",rain
choondcherry,2018-05-24 00:00:00,31.9,24.9,28.4,82.1,0.016,rain,18.1,16.1,295.5,1006.7,86.1,6,2018-05-24 06:01:26,2018-05-24 18:38:30,"Rain, Partially cloudy",rain
choondcherry,2018-05-25 00:00:00,28.1,23.9,25.9,91.5,0.315,rain,14.8,8.1,340.9,1006.5,96.7,4,2018-05-25 06:01:22,2018-05-25 18:38:44,"Rain, Overcast",rain
choondcherry,2018-05-26 00:00:00,33.1,24.9,27.7,84.1,1.22,rain,16.1,12.8,280.4,1005.0,81.2,5,2018-05-26 06:01:20,2018-05-26 18:38:59,"Rain, Partially cloudy",rain
choondcherry,2018-05-27 00:00:00,32.9,24.6,26.8,89.1,0.118,rain,16.6,12.9,121.0,1005.5,85.0,5,2018-05-27 06:01:18,2018-05-27 18:39:14,"Rain, Partially cloudy",rain
choondcherry,2018-05-28 00:00:00,28.9,25.4,26.7,91.5,1.338,rain,26.2,12.4,213.1,1005.6,86.6,6,2018-05-28 06:01:17,2018-05-28 18:39:29,"Rain, Partially cloudy",rain
choondcherry,2018-05-29 00:00:00,28.9,24.9,26.8,89.2,1.102,rain,27.3,11.4,292.5,1007.2,85.4,8,2018-05-29 06:01:17,2018-05-29 18:39:45,"Rain, Partially cloudy",rain
choondcherry,2018-05-30 00:00:00,30.9,24.9,27.1,89.1,0.441,rain,21.9,12.8,351.1,1007.2,86.2,7,2018-05-30 06:01:18,2018-05-30 18:40:00,"Rain, Partially cloudy",rain
choondcherry,2018-05-31 00:00:00,31.9,25.8,27.9,86.7,0.268,rain,18.8,4.9,49.6,1007.5,75.1,8,2018-05-31 06:01:19,2018-05-31 18:40:16,"Rain, Partially cloudy",rain
choondcherry,2018-06-01 00:00:00,32.9,25.3,28.5,82.7,0.343,rain,15.2,10.3,194.0,1007.7,70.8,7,2018-06-01 06:01:21,2018-06-01 18:40:31,"Rain, Partially cloudy",rain
choondcherry,2018-06-02 00:00:00,30.9,24.9,27.5,85.3,0.472,rain,15.9,10.4,222.4,1008.1,74.1,6,2018-06-02 06:01:24,2018-06-02 18:40:47,"Rain, Partially cloudy",rain
choondcherry,2018-06-03 00:00:00,28.9,24.6,26.3,89.6,1.497,rain,14.3,5.9,117.0,1008.2,89.0,4,2018-06-03 06:01:27,2018-06-03 18:41:03,"Rain, Partially cloudy",rain
choondcherry,2018-06-04 00:00:00,28.9,23.9,25.9,90.6,1.023,rain,13.9,8.1,94.0,1007.1,94.9,4,2018-06-04 06:01:31,2018-06-04 18:41:19,"Rain, Overcast",rain
choondcherry,2018-06-05 00:00:00,29.9,23.9,26.7,89.0,0.134,rain,18.1,6.9,91.6,1007.5,89.9,6,2018-06-05 06:01:36,2018-06-05 18:41:35,"Rain, Partially cloudy",rain
choondcherry,2018-06-06 00:00:00,33.9,23.9,28.6,81.6,0.906,rain,19.5,12.8,252.7,1009.6,72.5,7,2018-06-06 06:01:41,2018-06-06 18:41:51,"Rain, Partially cloudy",rain
choondcherry,2018-06-07 00:00:00,27.9,23.9,25.4,93.3,1.653,rain,22.4,8.1,100.4,1010.1,95.7,6,2018-06-07 06:01:47,2018-06-07 18:42:07,"Rain, Overcast",rain
choondcherry,2018-06-08 00:00:00,28.9,24.9,27.0,90.0,1.141,rain,30.2,13.9,269.8,1008.8,96.0,5,2018-06-08 06:01:54,2018-06-08 18:42:23,"Rain, Overcast",rain
choondcherry,2018-06-09 00:00:00,29.9,24.9,27.3,88.7,0.315,rain,37.1,16.1,248.2,1008.3,91.7,6,2018-06-09 06:02:01,2018-06-09 18:42:39,"Rain, Overcast",rain
choondcherry,2018-06-10 00:00:00,28.2,25.9,27.1,90.3,2.205,rain,34.2,15.0,259.9,1009.0,92.5,6,2018-06-10 06:02:08,2018-06-10 18:42:54,"Rain, Overcast",rain
choondcherry,2018-06-11 00:00:00,28.9,23.9,26.7,91.3,1.575,rain,30.2,17.2,256.1,1009.8,94.2,4,2018-06-11 06:02:17,2018-06-11 18:43:10,"Rain, Overcast",rain
choondcherry,2018-06-12 00:00:00,28.9,24.9,27.1,91.2,0.63,rain,27.7,17.2,260.2,1009.9,92.3,7,2018-06-12 06:02:26,2018-06-12 18:43:26,"Rain, Overcast",rain
choondcherry,2018-06-13 00:00:00,28.1,24.9,26.3,91.8,1.418,rain,25.5,10.3,197.7,1009.9,95.6,5,2018-06-13 06:02:35,2018-06-13 18:43:41,"Rain, Overcast",rain
choondcherry,2018-06-14 00:00:00,26.9,24.4,25.6,92.6,0.945,rain,22.4,6.9,26.8,1010.3,98.3,4,2018-06-14 06:02:45,2018-06-14 18:43:56,"Rain, Overcast",rain
choondcherry,2018-06-15 00:00:00,29.9,25.4,27.5,87.1,0.031,rain,18.3,5.8,251.4,1010.6,92.8,5,2018-06-15 06:02:55,2018-06-15 18:44:11,"Rain, Overcast",rain
choondcherry,2018-06-16 00:00:00,31.9,25.5,27.8,85.9,0.512,rain,19.9,12.1,257.8,1011.2,82.4,6,2018-06-16 06:03:06,2018-06-16 18:44:26,"Rain, Partially cloudy",rain
choondcherry,2018-06-17 00:00:00,31.9,25.4,27.8,84.5,0.512,rain,18.3,13.9,297.4,1011.3,91.7,4,2018-06-17 06:03:17,2018-06-17 18:44:40,"Rain, Overcast",rain
choondcherry,2018-06-18 00:00:00,30.9,25.8,27.8,86.6,0.149,rain,23.3,12.9,243.8,1010.7,82.6,7,2018-06-18 06:03:29,2018-06-18 18:44:54,"Rain, Partially cloudy",rain
choondcherry,2018-06-19 00:00:00,27.9,23.8,25.7,91.0,2.441,rain,23.7,8.1,87.4,1010.3,92.0,7,2018-06-19 06:03:41,2018-06-19 18:45:08,"Rain, Overcast",rain
choondcherry,2018-06-20 00:00:00,28.9,23.8,25.4,92.7,1.77,rain,21.7,11.4,95.5,1010.1,96.1,5,2018-06-20 06:03:53,2018-06-20 18:45:22,"Rain, Overcast",rain
choondcherry,2018-06-21 00:00:00,26.9,23.0,24.9,94.4,3.582,rain,25.5,11.4,355.1,1009.6,98.7,4,2018-06-21 06:04:06,2018-06-21 18:45:35,"Rain, Overcast",rain
choondcherry,2018-06-22 00:00:00,29.9,24.4,25.7,92.0,0.747,rain,19.2,13.9,71.6,1009.5,94.5,5,2018-06-22 06:04:19,2018-06-22 18:45:48,"Rain, Overcast",rain
choondcherry,2018-06-23 00:00:00,28.9,23.2,25.8,91.6,0.039,rain,19.9,9.2,122.2,1009.2,93.9,5,2018-06-23 06:04:32,2018-06-23 18:46:00,"Rain, Overcast",rain
choondcherry,2018-06-24 00:00:00,31.9,24.5,27.8,81.1,0.108,rain,22.1,13.9,260.6,1009.7,62.9,7,2018-06-24 06:04:46,2018-06-24 18:46:12,"Rain, Partially cloudy",rain
choondcherry,2018-06-25 00:00:00,31.9,24.4,26.6,87.9,1.244,rain,22.8,14.9,264.8,1010.0,88.8,5,2018-06-25 06:05:00,2018-06-25 18:46:24,"Rain, Partially cloudy",rain
choondcherry,2018-06-26 00:00:00,32.9,23.9,27.5,82.6,0.157,rain,31.1,15.0,277.1,1009.0,84.8,7,2018-06-26 06:05:14,2018-06-26 18:46:35,"Rain, Partially cloudy",rain
choondcherry,2018-06-27 00:00:00,30.9,23.9,26.7,88.4,0.668,rain,30.2,9.3,212.0,1008.4,92.0,6,2018-06-27 06:05:28,2018-06-27 18:46:45,"Rain, Overcast",rain
choondcherry,2018-06-28 00:00:00,26.9,23.9,25.2,94.1,1.18,rain,25.3,9.2,89.4,1008.9,97.6,5,2018-06-28 06:05:43,2018-06-28 18:46:56,"Rain, Overcast",rain
choondcherry,2018-06-29 00:00:00,27.9,24.3,25.8,91.2,0.551,rain,19.0,8.6,202.4,1008.8,92.7,5,2018-06-29 06:05:58,2018-06-29 18:47:05,"Rain, Overcast",rain
choondcherry,2018-06-30 00:00:00,31.9,23.1,26.9,83.6,0.354,rain,20.8,15.0,275.0,1008.8,90.3,6,2018-06-30 06:06:12,2018-06-30 18:47:14,"Rain, Overcast",rain
choondcherry,2018-07-01 00:00:00,31.9,24.8,27.6,83.7,0.182,rain,18.3,13.9,266.8,1009.2,86.8,6,2018-07-01 06:06:27,2018-07-01 18:47:22,"Rain, Partially cloudy",rain
choondcherry,2018-07-02 00:00:00,30.9,24.6,26.9,84.2,1.023,rain,20.8,17.2,258.5,1009.5,82.1,6,2018-07-02 06:06:42,2018-07-02 18:47:30,"Rain, Partially cloudy",rain
choondcherry,2018-07-03 00:00:00,30.9,23.9,27.7,80.4,0.14,rain,23.9,15.0,283.6,1009.9,71.7,7,2018-07-03 06:06:57,2018-07-03 18:47:37,"Rain, Partially cloudy",rain
choondcherry,2018-07-04 00:00:00,32.9,24.2,28.2,79.6,0.197,rain,25.3,13.9,298.5,1010.6,64.3,8,2018-07-04 06:07:12,2018-07-04 18:47:44,"Rain, Partially cloudy",rain
choondcherry,2018-07-05 00:00:00,33.9,23.9,28.1,78.0,0.079,rain,25.1,16.1,292.1,1010.4,58.0,8,2018-07-05 06:07:27,2018-07-05 18:47:50,"Rain, Partially cloudy",rain
choondcherry,2018-07-06 00:00:00,32.9,23.9,27.9,81.1,0.236,rain,31.1,13.9,279.4,1010.0,78.3,8,2018-07-06 06:07:42,2018-07-06 18:47:55,"Rain, Partially cloudy",rain
choondcherry,2018-07-07 00:00:00,30.2,24.5,26.4,87.5,0.236,rain,28.9,11.4,280.9,1009.4,91.1,6,2018-07-07 06:07:57,2018-07-07 18:48:00,"Rain, Overcast",rain
choondcherry,2018-07-08 00:00:00,28.3,23.9,25.4,94.0,0.906,rain,26.4,13.9,254.5,1008.8,99.3,5,2018-07-08 06:08:12,2018-07-08 18:48:04,"Rain, Overcast",rain
choondcherry,2018-07-09 00:00:00,24.9,23.2,24.2,96.2,3.033,rain,28.9,18.3,296.2,1008.8,98.7,2,2018-07-09 06:08:27,2018-07-09 18:48:07,"Rain, Overcast",rain
choondcherry,2018-07-10 00:00:00,26.9,23.9,24.6,95.6,3.385,rain,30.6,13.9,223.7,1010.2,100.0,5,2018-07-10 06:08:42,2018-07-10 18:48:09,"Rain, Overcast",rain
choondcherry,2018-07-11 00:00:00,25.9,23.3,24.6,93.5,2.796,rain,34.0,9.2,275.9,1010.7,99.5,5,2018-07-11 06:08:56,2018-07-11 18:48:11,"Rain, Overcast",rain
choondcherry,2018-07-12 00:00:00,30.9,23.6,26.5,88.2,1.024,rain,37.8,17.2,266.5,1009.6,91.9,6,2018-07-12 06:09:11,2018-07-12 18:48:12,"Rain, Overcast",rain
choondcherry,2018-07-13 00:00:00,30.9,23.9,26.3,88.2,1.613,rain,32.7,12.8,256.6,1009.4,91.9,4,2018-07-13 06:09:25,2018-07-13 18:48:12,"Rain, Overcast",rain
choondcherry,2018-07-14 00:00:00,30.9,23.9,26.6,87.1,0.354,rain,36.5,15.0,271.6,1008.9,88.7,5,2018-07-14 06:09:39,2018-07-14 18:48:12,"Rain, Partially cloudy",rain
choondcherry,2018-07-15 00:00:00,25.2,23.6,24.3,96.4,6.614,rain,36.2,9.2,319.8,1008.6,95.2,3,2018-07-15 06:09:53,2018-07-15 18:48:10,"Rain, Overcast",rain
choondcherry,2018-07-16 00:00:00,28.9,23.0,25.2,92.9,4.409,rain,30.4,12.8,289.0,1009.5,99.4,2,2018-07-16 06:10:07,2018-07-16 18:48:08,"Rain, Overcast",rain
choondcherry,2018-07-17 00:00:00,29.9,23.0,25.2,93.3,1.93,rain,36.0,14.3,284.0,1009.8,96.8,7,2018-07-17 06:10:20,2018-07-17 18:48:05,"Rain, Overcast",rain
choondcherry,2018-07-18 00:00:00,29.9,22.8,25.4,92.7,3.15,rain,31.5,12.8,263.7,1010.2,97.0,5,2018-07-18 06:10:34,2018-07-18 18:48:02,"Rain, Overcast",rain
choondcherry,2018-07-19 00:00:00,28.9,23.8,25.1,93.8,0.669,rain,25.7,11.7,252.5,1010.6,99.4,3,2018-07-19 06:10:47,2018-07-19 18:47:57,"Rain, Overcast",rain
choondcherry,2018-07-20 00:00:00,28.9,23.9,25.9,90.0,0.079,rain,26.6,8.1,284.0,1010.7,98.0,4,2018-07-20 06:10:59,2018-07-20 18:47:52,"Rain, Overcast",rain
choondcherry,2018-07-21 00:00:00,29.9,22.9,26.4,88.7,0.079,rain,35.8,13.9,273.2,1011.3,96.1,6,2018-07-21 06:11:12,2018-07-21 18:47:46,"Rain, Overcast",rain
choondcherry,2018-07-22 00:00:00,30.3,23.2,26.5,90.2,0.433,rain,40.7,16.1,303.4,1010.9,91.5,9,2018-07-22 06:11:24,2018-07-22 18:47:39,"Rain, Overcast",rain
choondcherry,2018-07-23 00:00:00,29.4,23.9,26.2,89.8,0.945,rain,34.9,15.4,280.7,1010.2,89.3,6,2018-07-23 06:11:35,2018-07-23 18:47:31,"Rain, Partially cloudy",rain
choondcherry,2018-07-24 00:00:00,28.9,22.9,25.4,91.0,1.14,rain,31.1,17.2,264.1,1011.3,98.2,6,2018-07-24 06:11:47,2018-07-24 18:47:23,"Rain, Overcast",rain
choondcherry,2018-07-25 00:00:00,28.9,23.2,25.9,90.3,0.67,rain,28.0,12.8,299.4,1011.2,95.6,6,2018-07-25 06:11:58,2018-07-25 18:47:13,"Rain, Overcast",rain
choondcherry,2018-07-26 00:00:00,29.9,23.7,26.7,84.9,0.157,rain,30.4,15.6,285.7,1011.7,89.3,6,2018-07-26 06:12:08,2018-07-26 18:47:03,"Rain, Partially cloudy",rain
choondcherry,2018-07-27 00:00:00,29.9,24.5,27.1,82.9,0.024,rain,25.7,16.1,278.2,1011.2,84.4,8,2018-07-27 06:12:19,2018-07-27 18:46:52,"Rain, Partially cloudy",rain
choondcherry,2018-07-28 00:00:00,30.9,24.9,27.4,81.8,0.016,rain,24.6,13.9,266.2,1010.3,76.6,7,2018-07-28 06:12:29,2018-07-28 18:46:40,"Rain, Partially cloudy",rain
choondcherry,2018-07-29 00:00:00,30.9,23.9,27.1,85.0,0.118,rain,20.6,13.9,274.8,1009.5,79.2,5,2018-07-29 06:12:38,2018-07-29 18:46:27,"Rain, Partially cloudy",rain
choondcherry,2018-07-30 00:00:00,30.2,24.4,26.3,91.1,0.039,rain,19.2,13.9,281.5,1009.5,93.8,5,2018-07-30 06:12:47,2018-07-30 18:46:14,"Rain, Overcast",rain
choondcherry,2018-07-31 00:00:00,25.9,23.9,24.8,93.3,2.677,rain,20.6,10.3,6.3,1011.2,96.6,5,2018-07-31 06:12:56,2018-07-31 18:46:00,"Rain, Overcast",rain
choondcherry,2018-08-01 00:00:00,29.9,23.9,26.6,84.2,0.252,rain,22.6,12.8,259.7,1011.5,69.3,6,2018-08-01 06:13:04,2018-08-01 18:45:45,"Rain, Partially cloudy",rain
choondcherry,2018-08-02 00:00:00,30.9,24.9,27.3,83.7,0.048,rain,24.6,12.1,279.7,1011.6,76.2,9,2018-08-02 06:13:12,2018-08-02 18:45:29,"Rain, Partially cloudy",rain
choondcherry,2018-08-03 00:00:00,29.9,23.9,26.8,85.8,0.157,rain,21.5,11.4,310.3,1012.3,84.5,5,2018-08-03 06:13:19,2018-08-03 18:45:12,"Rain, Partially cloudy",rain
choondcherry,2018-08-04 00:00:00,28.9,23.9,26.7,86.3,0.631,rain,20.8,11.4,293.9,1012.2,75.8,5,2018-08-04 06:13:26,2018-08-04 18:44:54,"Rain, Partially cloudy",rain
choondcherry,2018-08-05 00:00:00,30.9,23.9,27.6,81.9,0.084,rain,27.3,17.2,286.6,1012.4,84.2,7,2018-08-05 06:13:33,2018-08-05 18:44:36,"Rain, Partially cloudy",rain
choondcherry,2018-08-06 00:00:00,29.9,24.8,27.2,82.7,0.039,rain,30.0,14.4,277.9,1011.7,71.5,7,2018-08-06 06:13:39,2018-08-06 18:44:17,"Rain, Partially cloudy",rain
choondcherry,2018-08-07 00:00:00,29.4,24.7,26.3,86.7,0.551,rain,27.7,17.2,273.3,1010.2,81.6,6,2018-08-07 06:13:45,2018-08-07 18:43:58,"Rain, Partially cloudy",rain
choondcherry,2018-08-08 00:00:00,28.9,23.9,25.5,90.4,1.142,rain,30.0,17.2,264.7,1009.6,96.2,2,2018-08-08 06:13:50,2018-08-08 18:43:37,"Rain, Overcast",rain
choondcherry,2018-08-09 00:00:00,30.9,23.9,26.5,86.4,0.122,rain,27.7,17.2,274.7,1011.4,87.7,6,2018-08-09 06:13:55,2018-08-09 18:43:16,"Rain, Partially cloudy",rain
choondcherry,2018-08-10 00:00:00,28.9,23.7,25.7,89.9,0.548,rain,29.1,16.1,275.5,1012.8,92.4,6,2018-08-10 06:14:00,2018-08-10 18:42:54,"Rain, Overcast",rain
choondcherry,2018-08-11 00:00:00,30.9,24.3,26.8,84.4,0.016,rain,29.8,15.0,285.0,1011.9,93.6,4,2018-08-11 06:14:04,2018-08-11 18:42:31,"Rain, Overcast",rain
choondcherry,2018-08-12 00:00:00,28.3,23.9,25.8,87.8,0.535,rain,28.6,11.4,289.4,1010.4,96.1,4,2018-08-12 06:14:07,2018-08-12 18:42:08,"Rain, Overcast",rain
choondcherry,2018-08-13 00:00:00,30.1,23.9,26.4,87.6,0.354,rain,28.9,15.0,255.7,1010.2,86.5,5,2018-08-13 06:14:10,2018-08-13 18:41:44,"Rain, Partially cloudy",rain
choondcherry,2018-08-14 00:00:00,28.6,23.8,25.2,92.9,2.796,rain,34.0,12.8,276.6,1009.5,97.8,5,2018-08-14 06:14:13,2018-08-14 18:41:19,"Rain, Overcast",rain
choondcherry,2018-08-15 00:00:00,25.7,23.2,24.1,96.0,4.214,rain,38.7,20.8,265.0,1009.9,99.9,1,2018-08-15 06:14:16,2018-08-15 18:40:53,"Rain, Overcast",rain
choondcherry,2018-08-16 00:00:00,26.3,22.9,23.8,95.5,3.268,rain,34.4,16.1,262.4,1010.6,99.5,3,2018-08-16 06:14:18,2018-08-16 18:40:27,"Rain, Overcast",rain
choondcherry,2018-08-17 00:00:00,26.8,22.6,24.2,94.7,0.669,rain,33.8,9.2,293.3,1009.4,98.3,5,2018-08-17 06:14:19,2018-08-17 18:40:01,"Rain, Overcast",rain
choondcherry,2018-08-18 00:00:00,26.6,22.4,24.3,93.8,1.181,rain,31.8,11.4,300.0,1009.8,94.5,4,2018-08-18 06:14:20,2018-08-18 18:39:33,"Rain, Overcast",rain
choondcherry,2018-08-19 00:00:00,28.1,23.1,24.6,92.3,0.472,rain,34.7,11.4,306.1,1009.8,97.6,7,2018-08-19 06:14:21,2018-08-19 18:39:05,"Rain, Overcast",rain
choondcherry,2018-08-20 00:00:00,28.1,23.2,25.2,91.6,0.035,rain,29.8,13.9,313.2,1010.5,96.2,7,2018-08-20 06:14:21,2018-08-20 18:38:37,"Rain, Overcast",rain
choondcherry,2018-08-21 00:00:00,33.7,23.1,26.3,83.6,0.064,rain,26.4,11.4,320.5,1010.9,63.6,9,2018-08-21 06:14:21,2018-08-21 18:38:08,"Rain, Partially cloudy",rain
choondcherry,2018-08-22 00:00:00,29.3,23.3,26.1,82.1,0.511,rain,28.2,12.8,321.6,1011.0,58.6,8,2018-08-22 06:14:21,2018-08-22 18:37:38,"Rain, Partially cloudy",rain
choondcherry,2018-08-23 00:00:00,29.8,23.1,25.9,81.9,0.004,rain,27.1,13.9,324.6,1011.1,78.3,8,2018-08-23 06:14:20,2018-08-23 18:37:08,"Rain, Partially cloudy",rain
choondcherry,2018-08-24 00:00:00,30.9,23.1,26.3,82.1,0.004,rain,25.3,12.4,318.5,1010.6,79.7,7,2018-08-24 06:14:19,2018-08-24 18:36:37,"Rain, Partially cloudy",rain
choondcherry,2018-08-25 00:00:00,31.9,22.3,26.6,82.7,0.004,rain,28.9,13.9,308.6,1010.0,74.6,7,2018-08-25 06:14:18,2018-08-25 18:36:06,"Rain, Partially cloudy",rain
choondcherry,2018-08-26 00:00:00,31.9,22.7,26.8,80.9,0.087,rain,29.3,12.7,318.0,1009.4,87.9,7,2018-08-26 06:14:16,2018-08-26 18:35:35,"Rain, Partially cloudy",rain
choondcherry,2018-08-27 00:00:00,27.9,22.8,25.2,86.5,0.315,rain,31.3,8.1,334.6,1009.8,92.6,6,2018-08-27 06:14:14,2018-08-27 18:35:02,"Rain, Overcast",rain
choondcherry,2018-08-28 00:00:00,29.9,22.7,25.1,88.9,0.276,rain,25.9,13.9,305.2,1010.5,94.0,6,2018-08-28 06:14:12,2018-08-28 18:34:30,"Rain, Overcast",rain
choondcherry,2018-08-29 00:00:00,30.9,22.7,26.2,81.7,0.096,rain,24.2,12.0,313.0,1011.3,89.8,6,2018-08-29 06:14:09,2018-08-29 18:33:57,"Rain, Partially cloudy",rain
choondcherry,2018-08-30 00:00:00,29.9,23.9,26.6,81.6,0.016,rain,24.4,12.2,284.8,1010.6,76.0,7,2018-08-30 06:14:06,2018-08-30 18:33:23,"Rain, Partially cloudy",rain
choondcherry,2018-08-31 00:00:00,29.9,24.5,26.9,83.0,0.079,rain,20.4,10.0,302.1,1010.9,89.7,5,2018-08-31 06:14:03,2018-08-31 18:32:49,"Rain, Partially cloudy",rain
choondcherry,2018-09-01 00:00:00,30.9,23.9,27.0,83.1,0.008,rain,19.9,11.4,287.0,1011.6,82.5,7,2018-09-01 06:14:00,2018-09-01 18:32:15,"Rain, Partially cloudy",rain
choondcherry,2018-09-02 00:00:00,29.9,24.9,27.5,80.1,0.048,rain,22.4,13.9,286.6,1011.5,65.1,7,2018-09-02 06:13:56,2018-09-02 18:31:41,"Rain, Partially cloudy",rain
choondcherry,2018-09-03 00:00:00,31.9,24.9,27.8,76.7,0.0,,18.8,13.3,282.7,1011.3,56.8,9,2018-09-03 06:13:52,2018-09-03 18:31:06,Partially cloudy,partly-cloudy-day
choondcherry,2018-09-04 00:00:00,30.9,24.6,27.1,78.6,0.0,,20.4,10.9,302.4,1011.9,55.1,10,2018-09-04 06:13:48,2018-09-04 18:30:31,Partially cloudy,partly-cloudy-day
choondcherry,2018-09-05 00:00:00,31.9,23.9,27.2,78.4,0.008,rain,20.8,12.7,283.9,1011.9,41.1,8,2018-09-05 06:13:44,2018-09-05 18:29:55,"Rain, Partially cloudy",rain
choondcherry,2018-09-06 00:00:00,30.9,23.9,27.1,76.1,0.02,rain,21.7,12.7,287.7,1010.8,44.2,8,2018-09-06 06:13:40,2018-09-06 18:29:19,"Rain, Partially cloudy",rain
choondcherry,2018-09-07 00:00:00,31.9,23.9,27.4,74.9,0.04,rain,21.3,12.7,312.1,1011.6,45.1,9,2018-09-07 06:13:35,2018-09-07 18:28:43,"Rain, Partially cloudy",rain
choondcherry,2018-09-08 00:00:00,32.9,23.3,27.8,75.7,0.0,,21.9,13.9,292.9,1010.8,33.4,8,2018-09-08 06:13:30,2018-09-08 18:28:07,Partially cloudy,partly-cloudy-day
choondcherry,2018-09-09 00:00:00,31.9,23.9,27.6,75.8,0.0,,19.0,11.7,282.8,1010.5,39.7,9,2018-09-09 06:13:25,2018-09-09 18:27:31,Partially cloudy,partly-cloudy-day
choondcherry,2018-09-10 00:00:00,32.9,24.9,27.9,72.8,0.0,,17.2,14.0,307.7,1011.9,53.0,9,2018-09-10 06:13:20,2018-09-10 18:26:54,Partially cloudy,partly-cloudy-day
choondcherry,2018-09-11 00:00:00,31.9,23.9,27.3,76.4,0.0,,17.7,12.9,304.9,1012.5,65.9,9,2018-09-11 06:13:15,2018-09-11 18:26:17,Partially cloudy,partly-cloudy-day
choondcherry,2018-09-12 00:00:00,32.9,24.9,27.9,73.9,0.0,,17.2,12.4,292.0,1011.2,43.3,9,2018-09-12 06:13:10,2018-09-12 18:25:40,Partially cloudy,partly-cloudy-day
choondcherry,2018-09-13 00:00:00,31.9,24.8,27.4,72.0,0.0,,17.7,11.8,321.0,1010.6,52.1,8,2018-09-13 06:13:05,2018-09-13 18:25:03,Partially cloudy,partly-cloudy-day
choondcherry,2018-09-14 00:00:00,32.9,23.9,27.7,71.9,0.0,,18.3,10.6,295.5,1010.7,65.6,9,2018-09-14 06:12:59,2018-09-14 18:24:26,Partially cloudy,partly-cloudy-day
choondcherry,2018-09-15 00:00:00,32.9,23.9,27.8,73.1,0.0,,18.6,11.2,293.5,1011.2,64.0,9,2018-09-15 06:12:54,2018-09-15 18:23:49,Partially cloudy,partly-cloudy-day
choondcherry,2018-09-16 00:00:00,31.9,23.9,27.6,76.1,0.056,rain,16.8,10.3,290.3,1010.7,69.2,8,2018-09-16 06:12:48,2018-09-16 18:23:11,"Rain, Partially cloudy",rain
choondcherry,2018-09-17 00:00:00,31.9,24.9,27.7,77.9,0.108,rain,19.5,11.4,273.6,1010.1,66.7,7,2018-09-17 06:12:43,2018-09-17 18:22:34,"Rain, Partially cloudy",rain
choondcherry,2018-09-18 00:00:00,31.9,24.7,27.7,77.6,0.008,rain,23.7,9.3,276.8,1010.5,55.8,8,2018-09-18 06:12:37,2018-09-18 18:21:57,"Rain, Partially cloudy",rain
choondcherry,2018-09-19 00:00:00,30.9,24.9,27.2,79.0,0.008,rain,26.4,12.8,323.1,1010.0,60.3,7,2018-09-19 06:12:32,2018-09-19 18:21:19,"Rain, Partially cloudy",rain
choondcherry,2018-09-20 00:00:00,29.3,22.7,26.0,83.3,0.079,rain,20.1,11.4,299.3,1008.2,85.5,6,2018-09-20 06:12:27,2018-09-20 18:20:42,"Rain, Partially cloudy",rain
choondcherry,2018-09-21 00:00:00,31.0,22.9,27.3,76.5,0.016,rain,21.5,10.4,298.3,1008.8,50.1,8,2018-09-21 06:12:21,2018-09-21 18:20:05,"Rain, Partially cloudy",rain
choondcherry,2018-09-22 00:00:00,32.9,23.9,27.9,71.4,0.079,rain,18.8,9.2,282.9,1010.6,47.4,9,2018-09-22 06:12:16,2018-09-22 18:19:27,"Rain, Partially cloudy",rain
choondcherry,2018-09-23 00:00:00,32.9,23.9,28.2,75.8,0.157,rain,19.2,12.8,257.7,1012.0,58.2,8,2018-09-23 06:12:11,2018-09-23 18:18:50,"Rain, Partially cloudy",rain
choondcherry,2018-09-24 00:00:00,31.9,23.7,27.6,80.2,0.433,rain,13.6,13.9,303.8,1012.1,80.8,6,2018-09-24 06:12:06,2018-09-24 18:18:13,"Rain, Partially cloudy",rain
choondcherry,2018-09-25 00:00:00,31.9,24.9,27.8,77.1,0.028,rain,19.5,9.2,301.6,1011.2,55.2,8,2018-09-25 06:12:01,2018-09-25 18:17:36,"Rain, Partially cloudy",rain
choondcherry,2018-09-26 00:00:00,32.9,24.3,28.0,76.4,0.032,rain,17.4,13.9,280.3,1009.6,49.8,8,2018-09-26 06:11:56,2018-09-26 18:17:00,"Rain, Partially cloudy",rain
choondcherry,2018-09-27 00:00:00,32.9,23.9,27.9,78.3,0.481,rain,17.9,8.1,227.3,1009.2,71.9,9,2018-09-27 06:11:52,2018-09-27 18:16:23,"Rain, Partially cloudy",rain
choondcherry,2018-09-28 00:00:00,32.9,24.1,27.7,81.1,0.394,rain,17.0,10.1,241.2,1009.4,76.3,8,2018-09-28 06:11:48,2018-09-28 18:15:47,"Rain, Partially cloudy",rain
choondcherry,2018-09-29 00:00:00,30.9,24.4,26.5,88.4,0.016,rain,14.1,9.2,315.3,1009.9,83.4,8,2018-09-29 06:11:43,2018-09-29 18:15:11,"Rain, Partially cloudy",rain
choondcherry,2018-09-30 00:00:00,32.9,23.9,27.5,81.4,0.241,rain,15.2,9.6,271.2,1009.5,67.4,6,2018-09-30 06:11:39,2018-09-30 18:14:35,"Rain, Partially cloudy",rain
choondcherry,2018-10-01 00:00:00,31.1,23.8,27.0,85.5,0.444,rain,17.4,9.2,271.8,1009.5,72.8,8,2018-10-01 06:11:36,2018-10-01 18:13:59,"Rain, Partially cloudy",rain
choondcherry,2018-10-02 00:00:00,31.9,22.9,26.6,86.3,0.039,rain,15.2,10.3,260.8,1010.1,81.1,7,2018-10-02 06:11:32,2018-10-02 18:13:24,"Rain, Partially cloudy",rain
choondcherry,2018-10-03 00:00:00,31.9,23.9,26.7,85.2,0.512,rain,15.9,9.2,308.1,1009.6,82.0,8,2018-10-03 06:11:29,2018-10-03 18:12:49,"Rain, Partially cloudy",rain
choondcherry,2018-10-04 00:00:00,31.9,23.9,26.3,88.8,0.905,rain,13.9,7.7,247.3,1009.4,94.2,5,2018-10-04 06:11:26,2018-10-04 18:12:15,"Rain, Overcast",rain
choondcherry,2018-10-05 00:00:00,30.9,22.9,26.8,84.3,2.234,rain,17.0,8.1,40.5,1008.8,80.6,4,2018-10-05 06:11:24,2018-10-05 18:11:40,"Rain, Partially cloudy",rain
choondcherry,2018-10-06 00:00:00,31.9,23.9,26.6,84.9,0.197,rain,16.6,10.3,77.3,1008.8,86.8,6,2018-10-06 06:11:21,2018-10-06 18:11:07,"Rain, Partially cloudy",rain
choondcherry,2018-10-07 00:00:00,31.9,23.9,26.9,85.8,0.118,rain,19.0,11.4,233.6,1009.3,75.1,8,2018-10-07 06:11:20,2018-10-07 18:10:33,"Rain, Partially cloudy",rain
choondcherry,2018-10-08 00:00:00,28.9,24.1,25.9,90.7,1.889,rain,16.1,11.4,192.8,1010.2,90.2,8,2018-10-08 06:11:18,2018-10-08 18:10:00,"Rain, Overcast",rain
choondcherry,2018-10-09 00:00:00,30.0,23.9,26.7,83.4,0.157,rain,13.4,10.9,259.5,1009.8,90.3,4,2018-10-09 06:11:17,2018-10-09 18:09:28,"Rain, Overcast",rain
choondcherry,2018-10-10 00:00:00,31.1,23.2,27.4,80.6,0.273,rain,16.8,12.8,289.3,1009.3,69.0,7,2018-10-10 06:11:16,2018-10-10 18:08:56,"Rain, Partially cloudy",rain
choondcherry,2018-10-11 00:00:00,31.9,23.9,27.6,82.5,0.118,rain,16.8,12.8,291.3,1009.5,71.2,9,2018-10-11 06:11:16,2018-10-11 18:08:24,"Rain, Partially cloudy",rain
choondcherry,2018-10-12 00:00:00,31.9,23.9,27.8,80.8,0.276,rain,15.4,13.9,287.0,1010.3,64.7,7,2018-10-12 06:11:16,2018-10-12 18:07:53,"Rain, Partially cloudy",rain
choondcherry,2018-10-13 00:00:00,31.9,23.9,27.3,83.8,0.039,rain,16.3,11.1,179.4,1011.8,68.2,8,2018-10-13 06:11:17,2018-10-13 18:07:23,"Rain, Partially cloudy",rain
choondcherry,2018-10-14 00:00:00,30.9,23.9,26.9,84.8,0.787,rain,16.1,11.6,222.3,1013.0,77.6,6,2018-10-14 06:11:18,2018-10-14 18:06:53,"Rain, Partially cloudy",rain
choondcherry,2018-10-15 00:00:00,31.4,23.9,27.2,82.5,0.19,rain,14.5,10.3,268.1,1012.6,77.3,7,2018-10-15 06:11:19,2018-10-15 18:06:24,"Rain, Partially cloudy",rain
choondcherry,2018-10-16 00:00:00,31.9,23.6,26.5,87.6,2.528,rain,12.8,11.6,270.2,1013.2,89.1,5,2018-10-16 06:11:21,2018-10-16 18:05:55,"Rain, Partially cloudy",rain
choondcherry,2018-10-17 00:00:00,30.9,22.9,26.7,81.6,0.052,rain,14.3,11.4,267.3,1013.3,78.9,8,2018-10-17 06:11:24,2018-10-17 18:05:27,"Rain, Partially cloudy",rain
choondcherry,2018-10-18 00:00:00,31.9,24.9,28.1,78.4,0.157,rain,12.1,9.3,267.0,1011.7,73.2,8,2018-10-18 06:11:27,2018-10-18 18:05:00,"Rain, Partially cloudy",rain
choondcherry,2018-10-19 00:00:00,31.4,23.9,27.2,82.2,1.299,rain,11.9,8.1,287.2,1011.5,89.1,7,2018-10-19 06:11:30,2018-10-19 18:04:33,"Rain, Partially cloudy",rain
choondcherry,2018-10-20 00:00:00,29.9,23.4,26.4,87.6,2.008,rain,13.2,13.9,315.9,1012.8,87.2,7,2018-10-20 06:11:35,2018-10-20 18:04:07,"Rain, Partially cloudy",rain
choondcherry,2018-10-21 00:00:00,31.7,22.9,27.2,82.7,0.118,rain,16.6,11.4,271.8,1012.5,71.6,8,2018-10-21 06:11:39,2018-10-21 18:03:42,"Rain, Partially cloudy",rain
choondcherry,2018-10-22 00:00:00,30.9,23.9,26.5,86.4,0.788,rain,16.3,8.3,184.6,1012.7,85.5,6,2018-10-22 06:11:45,2018-10-22 18:03:18,"Rain, Partially cloudy",rain
choondcherry,2018-10-23 00:00:00,31.9,23.9,27.4,81.9,0.134,rain,15.2,8.3,260.0,1012.6,62.4,8,2018-10-23 06:11:51,2018-10-23 18:02:54,"Rain, Partially cloudy",rain
choondcherry,2018-10-24 00:00:00,32.9,24.3,28.1,76.8,0.107,rain,15.9,11.4,250.8,1011.6,47.0,9,2018-10-24 06:11:57,2018-10-24 18:02:31,"Rain, Partially cloudy",rain
choondcherry,2018-10-25 00:00:00,32.9,24.9,28.0,78.9,0.28,rain,17.9,9.2,206.5,1012.4,50.2,8,2018-10-25 06:12:04,2018-10-25 18:02:09,"Rain, Partially cloudy",rain
choondcherry,2018-10-26 00:00:00,33.9,24.9,28.3,77.9,0.036,rain,16.8,9.2,245.8,1012.1,49.1,8,2018-10-26 06:12:12,2018-10-26 18:01:48,"Rain, Partially cloudy",rain
choondcherry,2018-10-27 00:00:00,32.9,24.9,28.3,76.7,0.04,rain,17.9,11.7,131.1,1012.1,54.2,8,2018-10-27 06:12:20,2018-10-27 18:01:27,"Rain, Partially cloudy",rain
choondcherry,2018-10-28 00:00:00,34.9,24.1,28.6,73.4,0.012,rain,16.1,13.9,93.6,1011.1,54.4,9,2018-10-28 06:12:29,2018-10-28 18:01:08,"Rain, Partially cloudy",rain
choondcherry,2018-10-29 00:00:00,31.9,22.9,27.6,77.8,0.084,rain,16.1,9.2,263.2,1010.8,43.4,7,2018-10-29 06:12:39,2018-10-29 18:00:49,"Rain, Partially cloudy",rain
choondcherry,2018-10-30 00:00:00,32.9,23.9,27.9,76.0,0.016,rain,15.9,9.2,263.0,1010.1,38.5,8,2018-10-30 06:12:50,2018-10-30 18:00:31,"Rain, Partially cloudy",rain
choondcherry,2018-10-31 00:00:00,31.9,23.9,27.9,79.8,0.236,rain,14.1,9.3,290.7,1009.9,50.7,7,2018-10-31 06:13:01,2018-10-31 18:00:14,"Rain, Partially cloudy",rain
choondcherry,2018-11-01 00:00:00,32.9,22.9,27.9,79.0,0.291,rain,15.7,6.9,80.5,1010.0,76.8,6,2018-11-01 06:13:12,2018-11-01 17:59:59,"Rain, Partially cloudy",rain
choondcherry,2018-11-02 00:00:00,32.9,24.2,27.5,80.8,0.157,rain,15.0,9.0,148.8,1009.6,67.5,7,2018-11-02 06:13:25,2018-11-02 17:59:44,"Rain, Partially cloudy",rain
choondcherry,2018-11-03 00:00:00,31.9,24.9,27.0,84.8,0.433,rain,22.4,9.2,253.1,1010.7,82.8,5,2018-11-03 06:13:38,2018-11-03 17:59:30,"Rain, Partially cloudy",rain
choondcherry,2018-11-04 00:00:00,32.9,23.9,27.9,78.3,0.008,rain,15.9,8.3,182.2,1010.5,52.2,8,2018-11-04 06:13:52,2018-11-04 17:59:17,"Rain, Partially cloudy",rain
choondcherry,2018-11-05 00:00:00,33.9,23.9,28.5,76.2,0.787,rain,12.5,9.2,292.9,1011.0,51.6,9,2018-11-05 06:14:06,2018-11-05 17:59:04,"Rain, Partially cloudy",rain
choondcherry,2018-11-06 00:00:00,31.9,24.9,28.1,77.8,0.096,rain,14.5,7.1,103.5,1011.6,60.2,6,2018-11-06 06:14:21,2018-11-06 17:58:53,"Rain, Partially cloudy",rain
choondcherry,2018-11-07 00:00:00,32.9,23.9,27.9,80.0,0.088,rain,12.8,11.4,258.0,1012.0,57.7,7,2018-11-07 06:14:37,2018-11-07 17:58:43,"Rain, Partially cloudy",rain
choondcherry,2018-11-08 00:00:00,32.9,25.4,28.4,75.7,0.118,rain,11.2,7.7,175.1,1011.2,59.6,5,2018-11-08 06:14:54,2018-11-08 17:58:34,"Rain, Partially cloudy",rain
choondcherry,2018-11-09 00:00:00,31.9,24.9,27.2,82.5,1.142,rain,12.8,8.1,191.5,1010.4,82.1,4,2018-11-09 06:15:11,2018-11-09 17:58:26,"Rain, Partially cloudy",rain
choondcherry,2018-11-10 00:00:00,32.9,23.9,27.6,79.6,0.044,rain,14.3,9.8,237.1,1010.8,46.6,8,2018-11-10 06:15:29,2018-11-10 17:58:19,"Rain, Partially cloudy",rain
choondcherry,2018-11-11 00:00:00,31.9,22.9,27.4,79.9,0.06,rain,18.1,13.3,248.4,1012.3,48.2,8,2018-11-11 06:15:47,2018-11-11 17:58:13,"Rain, Partially cloudy",rain
choondcherry,2018-11-12 00:00:00,31.9,24.6,27.8,78.4,0.06,rain,14.3,51.9,117.5,1011.6,41.3,8,2018-11-12 06:16:06,2018-11-12 17:58:09,"Rain, Partially cloudy",rain
choondcherry,2018-11-13 00:00:00,32.9,22.9,27.5,78.6,0.056,rain,15.4,9.2,276.4,1010.4,49.3,8,2018-11-13 06:16:26,2018-11-13 17:58:05,"Rain, Partially cloudy",rain
choondcherry,2018-11-14 00:00:00,32.9,22.9,28.1,78.2,0.024,rain,14.3,8.3,293.4,1009.5,45.9,8,2018-11-14 06:16:47,2018-11-14 17:58:02,"Rain, Partially cloudy",rain
choondcherry,2018-11-15 00:00:00,32.9,22.7,28.0,76.6,0.024,rain,16.1,10.6,286.7,1009.6,32.4,8,2018-11-15 06:17:08,2018-11-15 17:58:00,"Rain, Partially cloudy",rain
choondcherry,2018-11-16 00:00:00,27.4,23.2,25.2,90.1,1.653,rain,27.7,19.7,61.0,1009.7,69.4,1,2018-11-16 06:17:30,2018-11-16 17:58:00,"Rain, Partially cloudy",rain
choondcherry,2018-11-17 00:00:00,31.9,23.2,26.9,78.4,0.028,rain,15.2,11.1,145.0,1010.7,64.0,8,2018-11-17 06:17:53,2018-11-17 17:58:00,"Rain, Partially cloudy",rain
choondcherry,2018-11-18 00:00:00,31.9,24.4,27.1,81.5,0.039,rain,14.1,9.2,193.7,1011.4,58.9,7,2018-11-18 06:18:16,2018-11-18 17:58:02,"Rain, Partially cloudy",rain
choondcherry,2018-11-19 00:00:00,31.9,22.9,27.2,83.0,1.496,rain,15.9,13.9,281.5,1012.2,66.0,6,2018-11-19 06:18:39,2018-11-19 17:58:04,"Rain, Partially cloudy",rain
choondcherry,2018-11-20 00:00:00,31.3,23.9,27.3,83.2,1.024,rain,13.6,9.5,235.7,1012.6,69.3,6,2018-11-20 06:19:04,2018-11-20 17:58:08,"Rain, Partially cloudy",rain
choondcherry,2018-11-21 00:00:00,31.0,23.9,27.3,82.3,0.748,rain,18.1,9.8,268.8,1011.8,59.6,8,2018-11-21 06:19:29,2018-11-21 17:58:13,"Rain, Partially cloudy",rain
choondcherry,2018-11-22 00:00:00,32.2,22.9,26.9,84.9,0.039,rain,12.1,11.4,110.0,1011.2,63.3,7,2018-11-22 06:19:54,2018-11-22 17:58:18,"Rain, Partially cloudy",rain
choondcherry,2018-11-23 00:00:00,32.9,23.9,26.9,84.5,0.551,rain,14.8,11.4,258.7,1013.0,74.2,6,2018-11-23 06:20:20,2018-11-23 17:58:25,"Rain, Partially cloudy",rain
choondcherry,2018-11-24 00:00:00,32.9,23.9,27.1,83.9,0.039,rain,15.4,10.9,75.9,1014.3,82.3,5,2018-11-24 06:20:47,2018-11-24 17:58:33,"Rain, Partially cloudy",rain
choondcherry,2018-11-25 00:00:00,31.9,23.9,27.7,81.3,0.104,rain,14.1,11.4,270.6,1014.0,51.6,7,2018-11-25 06:21:14,2018-11-25 17:58:42,"Rain, Partially cloudy",rain
choondcherry,2018-11-26 00:00:00,32.9,23.9,28.1,78.0,0.055,rain,14.8,9.2,166.7,1011.7,45.9,8,2018-11-26 06:21:41,2018-11-26 17:58:52,"Rain, Partially cloudy",rain
choondcherry,2018-11-27 00:00:00,32.9,24.3,27.9,73.2,0.096,rain,11.2,9.2,69.5,1011.7,39.3,7,2018-11-27 06:22:09,2018-11-27 17:59:03,"Rain, Partially cloudy",rain
choondcherry,2018-11-28 00:00:00,33.9,22.9,27.9,70.5,0.0,,11.4,9.2,74.9,1011.8,36.8,8,2018-11-28 06:22:37,2018-11-28 17:59:14,Partially cloudy,partly-cloudy-day
choondcherry,2018-11-29 00:00:00,31.8,23.9,27.3,77.1,0.393,rain,13.6,10.3,61.4,1012.9,74.5,6,2018-11-29 06:23:06,2018-11-29 17:59:27,"Rain, Partially cloudy",rain
choondcherry,2018-11-30 00:00:00,32.9,23.1,27.6,78.2,0.457,rain,16.1,10.3,133.2,1013.2,66.5,7,2018-11-30 06:23:35,2018-11-30 17:59:41,"Rain, Partially cloudy",rain
choondcherry,2018-12-01 00:00:00,33.9,24.2,28.3,76.2,0.036,rain,11.9,8.1,90.7,1011.2,47.4,7,2018-12-01 06:24:05,2018-12-01 17:59:56,"Rain, Partially cloudy",rain
choondcherry,2018-12-02 00:00:00,32.9,23.9,27.9,73.1,0.032,rain,15.4,11.4,48.0,1009.6,40.6,8,2018-12-02 06:24:35,2018-12-02 18:00:12,"Rain, Partially cloudy",rain
choondcherry,2018-12-03 00:00:00,32.9,23.9,27.8,74.3,0.016,rain,13.9,11.4,104.0,1010.0,41.4,8,2018-12-03 06:25:05,2018-12-03 18:00:29,"Rain, Partially cloudy",rain
choondcherry,2018-12-04 00:00:00,32.9,23.9,27.4,80.4,0.63,rain,17.7,9.6,55.9,1010.9,64.7,5,2018-12-04 06:25:35,2018-12-04 18:00:46,"Rain, Partially cloudy",rain
choondcherry,2018-12-05 00:00:00,32.9,24.8,28.3,78.9,0.989,rain,17.0,10.3,320.8,1010.9,72.1,7,2018-12-05 06:26:06,2018-12-05 18:01:05,"Rain, Partially cloudy",rain
choondcherry,2018-12-06 00:00:00,32.9,24.9,28.7,76.9,0.358,rain,15.2,10.6,252.2,1010.3,56.9,8,2018-12-06 06:26:37,2018-12-06 18:01:24,"Rain, Partially cloudy",rain
choondcherry,2018-12-07 00:00:00,32.9,24.9,28.4,76.1,0.048,rain,16.1,9.2,286.7,1010.3,45.0,8,2018-12-07 06:27:08,2018-12-07 18:01:44,"Rain, Partially cloudy",rain
choondcherry,2018-12-08 00:00:00,33.9,23.9,28.5,72.6,0.126,rain,17.7,8.1,116.6,1011.2,53.3,8,2018-12-08 06:27:39,2018-12-08 18:02:05,"Rain, Partially cloudy",rain
choondcherry,2018-12-09 00:00:00,32.9,22.9,27.7,75.9,0.028,rain,14.8,10.6,250.6,1011.1,45.8,8,2018-12-09 06:28:11,2018-12-09 18:02:27,"Rain, Partially cloudy",rain
choondcherry,2018-12-10 00:00:00,32.9,23.9,27.7,79.2,0.032,rain,15.0,8.1,251.0,1011.6,57.5,8,2018-12-10 06:28:42,2018-12-10 18:02:50,"Rain, Partially cloudy",rain
choondcherry,2018-12-11 00:00:00,32.9,22.9,27.5,75.5,0.044,rain,15.2,8.1,274.4,1011.8,43.3,7,2018-12-11 06:29:14,2018-12-11 18:03:13,"Rain, Partially cloudy",rain
choondcherry,2018-12-12 00:00:00,32.1,23.9,27.2,77.2,0.04,rain,15.0,12.3,335.6,1012.8,43.0,8,2018-12-12 06:29:45,2018-12-12 18:03:37,"Rain, Partially cloudy",rain
choondcherry,2018-12-13 00:00:00,30.9,23.6,27.2,79.9,0.024,rain,14.1,9.2,300.8,1013.0,51.3,7,2018-12-13 06:30:17,2018-12-13 18:04:02,"Rain, Partially cloudy",rain
choondcherry,2018-12-14 00:00:00,32.9,23.9,27.8,76.3,0.152,rain,14.5,9.2,229.3,1012.8,45.3,7,2018-12-14 06:30:48,2018-12-14 18:04:28,"Rain, Partially cloudy",rain
choondcherry,2018-12-15 00:00:00,33.9,21.9,27.1,73.8,0.016,rain,13.0,7.1,217.3,1012.1,44.6,7,2018-12-15 06:31:20,2018-12-15 18:04:54,"Rain, Partially cloudy",rain
choondcherry,2018-12-16 00:00:00,31.9,22.9,27.1,73.9,0.0,,11.9,5.8,346.1,1012.1,50.8,7,2018-12-16 06:31:51,2018-12-16 18:05:21,Partially cloudy,partly-cloudy-day
choondcherry,2018-12-17 00:00:00,31.9,22.9,26.8,77.8,0.0,,14.1,11.1,281.2,1012.4,51.5,7,2018-12-17 06:32:22,2018-12-17 18:05:48,Partially cloudy,partly-cloudy-day
choondcherry,2018-12-18 00:00:00,31.9,20.9,26.4,74.6,0.0,,14.5,10.3,263.2,1012.4,48.5,9,2018-12-18 06:32:53,2018-12-18 18:06:16,Partially cloudy,partly-cloudy-day
choondcherry,2018-12-19 00:00:00,31.9,22.9,27.0,76.9,0.048,rain,11.4,10.6,243.1,1012.1,40.8,7,2018-12-19 06:33:24,2018-12-19 18:06:44,"Rain, Partially cloudy",rain
choondcherry,2018-12-20 00:00:00,31.9,24.6,27.3,78.5,0.008,rain,14.5,10.3,335.2,1012.5,65.5,8,2018-12-20 06:33:54,2018-12-20 18:07:13,"Rain, Partially cloudy",rain
choondcherry,2018-12-21 00:00:00,32.9,22.9,27.5,77.0,0.032,rain,15.0,10.3,276.9,1012.1,47.4,8,2018-12-21 06:34:24,2018-12-21 18:07:43,"Rain, Partially cloudy",rain
choondcherry,2018-12-22 00:00:00,31.9,22.9,27.3,77.2,0.178,rain,12.3,6.5,178.8,1011.7,51.1,5,2018-12-22 06:34:54,2018-12-22 18:08:12,"Rain, Partially cloudy",rain
choondcherry,2018-12-23 00:00:00,32.9,22.9,28.1,75.3,0.43,rain,17.7,7.7,198.8,1011.6,55.9,7,2018-12-23 06:35:24,2018-12-23 18:08:43,"Rain, Partially cloudy",rain
choondcherry,2018-12-24 00:00:00,33.9,23.9,27.6,79.0,0.118,rain,16.1,13.9,118.8,1012.3,56.2,7,2018-12-24 06:35:53,2018-12-24 18:09:13,"Rain, Partially cloudy",rain
choondcherry,2018-12-25 00:00:00,32.9,22.9,27.7,78.9,0.008,rain,15.7,6.5,242.2,1012.3,65.3,7,2018-12-25 06:36:22,2018-12-25 18:09:44,"Rain, Partially cloudy",rain
choondcherry,2018-12-26 00:00:00,33.9,23.9,28.1,74.9,0.084,rain,16.3,6.5,240.8,1012.7,56.0,8,2018-12-26 06:36:50,2018-12-26 18:10:15,"Rain, Partially cloudy",rain
choondcherry,2018-12-27 00:00:00,32.9,23.9,28.0,74.2,0.052,rain,13.2,9.2,289.3,1012.3,47.4,8,2018-12-27 06:37:18,2018-12-27 18:10:47,"Rain, Partially cloudy",rain
choondcherry,2018-12-28 00:00:00,31.9,23.9,27.5,75.2,0.166,rain,14.8,6.9,94.5,1011.3,40.6,8,2018-12-28 06:37:45,2018-12-28 18:11:18,"Rain, Partially cloudy",rain
choondcherry,2018-12-29 00:00:00,28.9,22.9,26.3,82.6,0.008,rain,9.6,6.5,39.6,1012.7,80.4,7,2018-12-29 06:38:12,2018-12-29 18:11:50,"Rain, Partially cloudy",rain
choondcherry,2018-12-30 00:00:00,31.9,23.9,27.5,74.9,0.0,,11.4,5.5,74.6,1013.7,44.0,8,2018-12-30 06:38:38,2018-12-30 18:12:22,Partially cloudy,partly-cloudy-day
choondcherry,2018-12-31 00:00:00,33.9,22.9,27.0,69.2,0.0,,11.2,9.2,122.7,1014.7,29.2,9,2018-12-31 06:39:04,2018-12-31 18:12:54,Partially cloudy,partly-cloudy-day
